﻿<error errorId="7eedcbec-0b42-4785-831c-6d311996791b" application="/LM/W3SVC/7/ROOT" host="MAGIC-PC" type="System.InvalidOperationException" message="You must call the &quot;WebSecurity.InitializeDatabaseConnection&quot; method before you call any other method of the &quot;WebSecurity&quot; class. This call should be placed in an _AppStart.cshtml file in the root of your site." source="WebMatrix.WebData" detail="System.InvalidOperationException: You must call the &quot;WebSecurity.InitializeDatabaseConnection&quot; method before you call any other method of the &quot;WebSecurity&quot; class. This call should be placed in an _AppStart.cshtml file in the root of your site.&#xD;&#xA;   at WebMatrix.WebData.SimpleMembershipProvider.VerifyInitialized()&#xD;&#xA;   at WebMatrix.WebData.WebSecurity.VerifyProvider()&#xD;&#xA;   at WebMatrix.WebData.WebSecurity.GetUserId(String userName)&#xD;&#xA;   at eUp.Controllers.UserTablesController.FillTableRoute(String username, Int32 tableId) in C:\Users\MaGiC\Documents\Visual Studio 2010\Projects\eUp_GIT\eUp\eUp\Controllers\UserTablesController.cs:line 206&#xD;&#xA;   at lambda_method(Closure , ControllerBase , Object[] )&#xD;&#xA;   at System.Web.Mvc.ActionMethodDispatcher.Execute(ControllerBase controller, Object[] parameters)&#xD;&#xA;   at System.Web.Mvc.ReflectedActionDescriptor.Execute(ControllerContext controllerContext, IDictionary`2 parameters)&#xD;&#xA;   at System.Web.Mvc.ControllerActionInvoker.InvokeActionMethod(ControllerContext controllerContext, ActionDescriptor actionDescriptor, IDictionary`2 parameters)&#xD;&#xA;   at System.Web.Mvc.Async.AsyncControllerActionInvoker.&lt;&gt;c__DisplayClass42.&lt;BeginInvokeSynchronousActionMethod&gt;b__41()&#xD;&#xA;   at System.Web.Mvc.Async.AsyncResultWrapper.&lt;&gt;c__DisplayClass8`1.&lt;BeginSynchronous&gt;b__7(IAsyncResult _)&#xD;&#xA;   at System.Web.Mvc.Async.AsyncResultWrapper.WrappedAsyncResult`1.End()&#xD;&#xA;   at System.Web.Mvc.Async.AsyncControllerActionInvoker.EndInvokeActionMethod(IAsyncResult asyncResult)&#xD;&#xA;   at System.Web.Mvc.Async.AsyncControllerActionInvoker.&lt;&gt;c__DisplayClass37.&lt;&gt;c__DisplayClass39.&lt;BeginInvokeActionMethodWithFilters&gt;b__33()&#xD;&#xA;   at System.Web.Mvc.Async.AsyncControllerActionInvoker.&lt;&gt;c__DisplayClass4f.&lt;InvokeActionMethodFilterAsynchronously&gt;b__49()&#xD;&#xA;   at System.Web.Mvc.Async.AsyncControllerActionInvoker.&lt;&gt;c__DisplayClass37.&lt;BeginInvokeActionMethodWithFilters&gt;b__36(IAsyncResult asyncResult)&#xD;&#xA;   at System.Web.Mvc.Async.AsyncResultWrapper.WrappedAsyncResult`1.End()&#xD;&#xA;   at System.Web.Mvc.Async.AsyncControllerActionInvoker.EndInvokeActionMethodWithFilters(IAsyncResult asyncResult)&#xD;&#xA;   at System.Web.Mvc.Async.AsyncControllerActionInvoker.&lt;&gt;c__DisplayClass25.&lt;&gt;c__DisplayClass2a.&lt;BeginInvokeAction&gt;b__20()&#xD;&#xA;   at System.Web.Mvc.Async.AsyncControllerActionInvoker.&lt;&gt;c__DisplayClass25.&lt;BeginInvokeAction&gt;b__22(IAsyncResult asyncResult)" time="2013-03-21T11:15:56.0967415Z">
  <serverVariables>
    <item name="ALL_HTTP">
      <value string="HTTP_CONNECTION:keep-alive&#xD;&#xA;HTTP_VIA:1.1 ironweb1.it-tallaght.ie:80 (Cisco-IronPort-WSA/7.5.0-833)&#xD;&#xA;HTTP_ACCEPT:text/html,application/xhtml+xml,application/xml;q=0.9,*/*;q=0.8&#xD;&#xA;HTTP_ACCEPT_CHARSET:ISO-8859-1,utf-8;q=0.7,*;q=0.3&#xD;&#xA;HTTP_ACCEPT_ENCODING:gzip,deflate,sdch&#xD;&#xA;HTTP_ACCEPT_LANGUAGE:en-US,en;q=0.8&#xD;&#xA;HTTP_HOST:10.95.29.207&#xD;&#xA;HTTP_USER_AGENT:Mozilla/5.0 (Windows NT 6.1; WOW64) AppleWebKit/537.22 (KHTML, like Gecko) Chrome/25.0.1364.172 Safari/537.22&#xD;&#xA;HTTP_X_IMFORWARDS:20&#xD;&#xA;" />
    </item>
    <item name="ALL_RAW">
      <value string="Connection: keep-alive&#xD;&#xA;Via: 1.1 ironweb1.it-tallaght.ie:80 (Cisco-IronPort-WSA/7.5.0-833)&#xD;&#xA;Accept: text/html,application/xhtml+xml,application/xml;q=0.9,*/*;q=0.8&#xD;&#xA;Accept-Charset: ISO-8859-1,utf-8;q=0.7,*;q=0.3&#xD;&#xA;Accept-Encoding: gzip,deflate,sdch&#xD;&#xA;Accept-Language: en-US,en;q=0.8&#xD;&#xA;Host: 10.95.29.207&#xD;&#xA;User-Agent: Mozilla/5.0 (Windows NT 6.1; WOW64) AppleWebKit/537.22 (KHTML, like Gecko) Chrome/25.0.1364.172 Safari/537.22&#xD;&#xA;X-IMForwards: 20&#xD;&#xA;" />
    </item>
    <item name="APPL_MD_PATH">
      <value string="/LM/W3SVC/7/ROOT" />
    </item>
    <item name="APPL_PHYSICAL_PATH">
      <value string="C:\Users\MaGiC\Documents\Visual Studio 2010\Projects\eUp_GIT\eUp\eUp\" />
    </item>
    <item name="AUTH_TYPE">
      <value string="" />
    </item>
    <item name="AUTH_USER">
      <value string="" />
    </item>
    <item name="AUTH_PASSWORD">
      <value string="*****" />
    </item>
    <item name="LOGON_USER">
      <value string="" />
    </item>
    <item name="REMOTE_USER">
      <value string="" />
    </item>
    <item name="CERT_COOKIE">
      <value string="" />
    </item>
    <item name="CERT_FLAGS">
      <value string="" />
    </item>
    <item name="CERT_ISSUER">
      <value string="" />
    </item>
    <item name="CERT_KEYSIZE">
      <value string="" />
    </item>
    <item name="CERT_SECRETKEYSIZE">
      <value string="" />
    </item>
    <item name="CERT_SERIALNUMBER">
      <value string="" />
    </item>
    <item name="CERT_SERVER_ISSUER">
      <value string="" />
    </item>
    <item name="CERT_SERVER_SUBJECT">
      <value string="" />
    </item>
    <item name="CERT_SUBJECT">
      <value string="" />
    </item>
    <item name="CONTENT_LENGTH">
      <value string="0" />
    </item>
    <item name="CONTENT_TYPE">
      <value string="" />
    </item>
    <item name="GATEWAY_INTERFACE">
      <value string="CGI/1.1" />
    </item>
    <item name="HTTPS">
      <value string="off" />
    </item>
    <item name="HTTPS_KEYSIZE">
      <value string="" />
    </item>
    <item name="HTTPS_SECRETKEYSIZE">
      <value string="" />
    </item>
    <item name="HTTPS_SERVER_ISSUER">
      <value string="" />
    </item>
    <item name="HTTPS_SERVER_SUBJECT">
      <value string="" />
    </item>
    <item name="INSTANCE_ID">
      <value string="7" />
    </item>
    <item name="INSTANCE_META_PATH">
      <value string="/LM/W3SVC/7" />
    </item>
    <item name="LOCAL_ADDR">
      <value string="10.95.29.207" />
    </item>
    <item name="PATH_INFO">
      <value string="/public/form/magic/20" />
    </item>
    <item name="PATH_TRANSLATED">
      <value string="C:\Users\MaGiC\Documents\Visual Studio 2010\Projects\eUp_GIT\eUp\eUp\public\form\magic\20" />
    </item>
    <item name="QUERY_STRING">
      <value string="" />
    </item>
    <item name="REMOTE_ADDR">
      <value string="193.1.120.28" />
    </item>
    <item name="REMOTE_HOST">
      <value string="193.1.120.28" />
    </item>
    <item name="REMOTE_PORT">
      <value string="14554" />
    </item>
    <item name="REQUEST_METHOD">
      <value string="GET" />
    </item>
    <item name="SCRIPT_NAME">
      <value string="/public/form/magic/20" />
    </item>
    <item name="SERVER_NAME">
      <value string="10.95.29.207" />
    </item>
    <item name="SERVER_PORT">
      <value string="80" />
    </item>
    <item name="SERVER_PORT_SECURE">
      <value string="0" />
    </item>
    <item name="SERVER_PROTOCOL">
      <value string="HTTP/1.1" />
    </item>
    <item name="SERVER_SOFTWARE">
      <value string="Microsoft-IIS/8.0" />
    </item>
    <item name="URL">
      <value string="/public/form/magic/20" />
    </item>
    <item name="HTTP_CONNECTION">
      <value string="keep-alive" />
    </item>
    <item name="HTTP_VIA">
      <value string="1.1 ironweb1.it-tallaght.ie:80 (Cisco-IronPort-WSA/7.5.0-833)" />
    </item>
    <item name="HTTP_ACCEPT">
      <value string="text/html,application/xhtml+xml,application/xml;q=0.9,*/*;q=0.8" />
    </item>
    <item name="HTTP_ACCEPT_CHARSET">
      <value string="ISO-8859-1,utf-8;q=0.7,*;q=0.3" />
    </item>
    <item name="HTTP_ACCEPT_ENCODING">
      <value string="gzip,deflate,sdch" />
    </item>
    <item name="HTTP_ACCEPT_LANGUAGE">
      <value string="en-US,en;q=0.8" />
    </item>
    <item name="HTTP_HOST">
      <value string="10.95.29.207" />
    </item>
    <item name="HTTP_USER_AGENT">
      <value string="Mozilla/5.0 (Windows NT 6.1; WOW64) AppleWebKit/537.22 (KHTML, like Gecko) Chrome/25.0.1364.172 Safari/537.22" />
    </item>
    <item name="HTTP_X_IMFORWARDS">
      <value string="20" />
    </item>
  </serverVariables>
</error>