﻿<error errorId="4d911b65-e879-4b06-bcb8-202448330a45" application="/LM/W3SVC/7/ROOT" host="MAGIC-PC" type="System.Web.Mvc.HttpAntiForgeryException" message="The required anti-forgery cookie &quot;__RequestVerificationToken&quot; is not present." source="System.Web.WebPages" detail="System.Web.Mvc.HttpAntiForgeryException (0x80004005): The required anti-forgery cookie &quot;__RequestVerificationToken&quot; is not present.&#xD;&#xA;   at System.Web.Helpers.AntiXsrf.TokenValidator.ValidateTokens(HttpContextBase httpContext, IIdentity identity, AntiForgeryToken sessionToken, AntiForgeryToken fieldToken)&#xD;&#xA;   at System.Web.Helpers.AntiXsrf.AntiForgeryWorker.Validate(HttpContextBase httpContext)&#xD;&#xA;   at System.Web.Helpers.AntiForgery.Validate()&#xD;&#xA;   at System.Web.Mvc.ValidateAntiForgeryTokenAttribute.OnAuthorization(AuthorizationContext filterContext)&#xD;&#xA;   at System.Web.Mvc.ControllerActionInvoker.InvokeAuthorizationFilters(ControllerContext controllerContext, IList`1 filters, ActionDescriptor actionDescriptor)&#xD;&#xA;   at System.Web.Mvc.Async.AsyncControllerActionInvoker.&lt;&gt;c__DisplayClass25.&lt;BeginInvokeAction&gt;b__1e(AsyncCallback asyncCallback, Object asyncState)" time="2013-03-14T15:10:26.1865532Z" statusCode="500">
  <serverVariables>
    <item name="ALL_HTTP">
      <value string="HTTP_CACHE_CONTROL:max-age=0&#xD;&#xA;HTTP_CONNECTION:keep-alive&#xD;&#xA;HTTP_CONTENT_LENGTH:49&#xD;&#xA;HTTP_CONTENT_TYPE:application/x-www-form-urlencoded&#xD;&#xA;HTTP_ACCEPT:text/html,application/xhtml+xml,application/xml;q=0.9,*/*;q=0.8&#xD;&#xA;HTTP_ACCEPT_CHARSET:utf-8, iso-8859-1, utf-16, gb2312, gbk, *;q=0.7&#xD;&#xA;HTTP_ACCEPT_ENCODING:gzip,deflate&#xD;&#xA;HTTP_ACCEPT_LANGUAGE:en-IE, en-US&#xD;&#xA;HTTP_HOST:10.95.29.207&#xD;&#xA;HTTP_REFERER:http://10.95.29.207/Account/Login&#xD;&#xA;HTTP_USER_AGENT:Mozilla/5.0 (Linux; U; Android 4.0.4; en-ie; GT-I9100 Build/IMM76D) AppleWebKit/534.30 (KHTML, like Gecko) Version/4.0 Mobile Safari/534.30&#xD;&#xA;HTTP_ORIGIN:http://10.95.29.207&#xD;&#xA;" />
    </item>
    <item name="ALL_RAW">
      <value string="Cache-Control: max-age=0&#xD;&#xA;Connection: keep-alive&#xD;&#xA;Content-Length: 49&#xD;&#xA;Content-Type: application/x-www-form-urlencoded&#xD;&#xA;Accept: text/html,application/xhtml+xml,application/xml;q=0.9,*/*;q=0.8&#xD;&#xA;Accept-Charset: utf-8, iso-8859-1, utf-16, gb2312, gbk, *;q=0.7&#xD;&#xA;Accept-Encoding: gzip,deflate&#xD;&#xA;Accept-Language: en-IE, en-US&#xD;&#xA;Host: 10.95.29.207&#xD;&#xA;Referer: http://10.95.29.207/Account/Login&#xD;&#xA;User-Agent: Mozilla/5.0 (Linux; U; Android 4.0.4; en-ie; GT-I9100 Build/IMM76D) AppleWebKit/534.30 (KHTML, like Gecko) Version/4.0 Mobile Safari/534.30&#xD;&#xA;Origin: http://10.95.29.207&#xD;&#xA;" />
    </item>
    <item name="APPL_MD_PATH">
      <value string="/LM/W3SVC/7/ROOT" />
    </item>
    <item name="APPL_PHYSICAL_PATH">
      <value string="C:\Users\MaGiC\Documents\Visual Studio 2010\Projects\eUp_GIT\eUp\eUp\" />
    </item>
    <item name="AUTH_TYPE">
      <value string="" />
    </item>
    <item name="AUTH_USER">
      <value string="" />
    </item>
    <item name="AUTH_PASSWORD">
      <value string="*****" />
    </item>
    <item name="LOGON_USER">
      <value string="" />
    </item>
    <item name="REMOTE_USER">
      <value string="" />
    </item>
    <item name="CERT_COOKIE">
      <value string="" />
    </item>
    <item name="CERT_FLAGS">
      <value string="" />
    </item>
    <item name="CERT_ISSUER">
      <value string="" />
    </item>
    <item name="CERT_KEYSIZE">
      <value string="" />
    </item>
    <item name="CERT_SECRETKEYSIZE">
      <value string="" />
    </item>
    <item name="CERT_SERIALNUMBER">
      <value string="" />
    </item>
    <item name="CERT_SERVER_ISSUER">
      <value string="" />
    </item>
    <item name="CERT_SERVER_SUBJECT">
      <value string="" />
    </item>
    <item name="CERT_SUBJECT">
      <value string="" />
    </item>
    <item name="CONTENT_LENGTH">
      <value string="49" />
    </item>
    <item name="CONTENT_TYPE">
      <value string="application/x-www-form-urlencoded" />
    </item>
    <item name="GATEWAY_INTERFACE">
      <value string="CGI/1.1" />
    </item>
    <item name="HTTPS">
      <value string="off" />
    </item>
    <item name="HTTPS_KEYSIZE">
      <value string="" />
    </item>
    <item name="HTTPS_SECRETKEYSIZE">
      <value string="" />
    </item>
    <item name="HTTPS_SERVER_ISSUER">
      <value string="" />
    </item>
    <item name="HTTPS_SERVER_SUBJECT">
      <value string="" />
    </item>
    <item name="INSTANCE_ID">
      <value string="7" />
    </item>
    <item name="INSTANCE_META_PATH">
      <value string="/LM/W3SVC/7" />
    </item>
    <item name="LOCAL_ADDR">
      <value string="10.95.29.207" />
    </item>
    <item name="PATH_INFO">
      <value string="/Account/Login" />
    </item>
    <item name="PATH_TRANSLATED">
      <value string="C:\Users\MaGiC\Documents\Visual Studio 2010\Projects\eUp_GIT\eUp\eUp\Account\Login" />
    </item>
    <item name="QUERY_STRING">
      <value string="" />
    </item>
    <item name="REMOTE_ADDR">
      <value string="10.95.22.220" />
    </item>
    <item name="REMOTE_HOST">
      <value string="10.95.22.220" />
    </item>
    <item name="REMOTE_PORT">
      <value string="59374" />
    </item>
    <item name="REQUEST_METHOD">
      <value string="POST" />
    </item>
    <item name="SCRIPT_NAME">
      <value string="/Account/Login" />
    </item>
    <item name="SERVER_NAME">
      <value string="10.95.29.207" />
    </item>
    <item name="SERVER_PORT">
      <value string="80" />
    </item>
    <item name="SERVER_PORT_SECURE">
      <value string="0" />
    </item>
    <item name="SERVER_PROTOCOL">
      <value string="HTTP/1.1" />
    </item>
    <item name="SERVER_SOFTWARE">
      <value string="Microsoft-IIS/8.0" />
    </item>
    <item name="URL">
      <value string="/Account/Login" />
    </item>
    <item name="HTTP_CACHE_CONTROL">
      <value string="max-age=0" />
    </item>
    <item name="HTTP_CONNECTION">
      <value string="keep-alive" />
    </item>
    <item name="HTTP_CONTENT_LENGTH">
      <value string="49" />
    </item>
    <item name="HTTP_CONTENT_TYPE">
      <value string="application/x-www-form-urlencoded" />
    </item>
    <item name="HTTP_ACCEPT">
      <value string="text/html,application/xhtml+xml,application/xml;q=0.9,*/*;q=0.8" />
    </item>
    <item name="HTTP_ACCEPT_CHARSET">
      <value string="utf-8, iso-8859-1, utf-16, gb2312, gbk, *;q=0.7" />
    </item>
    <item name="HTTP_ACCEPT_ENCODING">
      <value string="gzip,deflate" />
    </item>
    <item name="HTTP_ACCEPT_LANGUAGE">
      <value string="en-IE, en-US" />
    </item>
    <item name="HTTP_HOST">
      <value string="10.95.29.207" />
    </item>
    <item name="HTTP_REFERER">
      <value string="http://10.95.29.207/Account/Login" />
    </item>
    <item name="HTTP_USER_AGENT">
      <value string="Mozilla/5.0 (Linux; U; Android 4.0.4; en-ie; GT-I9100 Build/IMM76D) AppleWebKit/534.30 (KHTML, like Gecko) Version/4.0 Mobile Safari/534.30" />
    </item>
    <item name="HTTP_ORIGIN">
      <value string="http://10.95.29.207" />
    </item>
  </serverVariables>
  <form>
    <item name="UserName">
      <value string="magic" />
    </item>
    <item name="Password">
      <value string="magic123" />
    </item>
    <item name="RememberMe">
      <value string="false" />
    </item>
  </form>
</error>