﻿<error errorId="63b1723b-410c-481c-a864-501da83c017b" application="/LM/W3SVC/7/ROOT" host="MAGIC-PC" type="System.Web.Mvc.HttpAntiForgeryException" message="The required anti-forgery cookie &quot;__RequestVerificationToken&quot; is not present." source="System.Web.WebPages" detail="System.Web.Mvc.HttpAntiForgeryException (0x80004005): The required anti-forgery cookie &quot;__RequestVerificationToken&quot; is not present.&#xD;&#xA;   at System.Web.Helpers.AntiXsrf.TokenValidator.ValidateTokens(HttpContextBase httpContext, IIdentity identity, AntiForgeryToken sessionToken, AntiForgeryToken fieldToken)&#xD;&#xA;   at System.Web.Helpers.AntiXsrf.AntiForgeryWorker.Validate(HttpContextBase httpContext)&#xD;&#xA;   at System.Web.Helpers.AntiForgery.Validate()&#xD;&#xA;   at System.Web.Mvc.ValidateAntiForgeryTokenAttribute.OnAuthorization(AuthorizationContext filterContext)&#xD;&#xA;   at System.Web.Mvc.ControllerActionInvoker.InvokeAuthorizationFilters(ControllerContext controllerContext, IList`1 filters, ActionDescriptor actionDescriptor)&#xD;&#xA;   at System.Web.Mvc.Async.AsyncControllerActionInvoker.&lt;&gt;c__DisplayClass25.&lt;BeginInvokeAction&gt;b__1e(AsyncCallback asyncCallback, Object asyncState)&#xD;&#xA;   at System.Web.Mvc.Async.AsyncResultWrapper.WrappedAsyncResult`1.Begin(AsyncCallback callback, Object state, Int32 timeout)&#xD;&#xA;   at System.Web.Mvc.Async.AsyncControllerActionInvoker.BeginInvokeAction(ControllerContext controllerContext, String actionName, AsyncCallback callback, Object state)&#xD;&#xA;   at System.Web.Mvc.Controller.&lt;&gt;c__DisplayClass1d.&lt;BeginExecuteCore&gt;b__17(AsyncCallback asyncCallback, Object asyncState)&#xD;&#xA;   at System.Web.Mvc.Async.AsyncResultWrapper.WrappedAsyncResult`1.Begin(AsyncCallback callback, Object state, Int32 timeout)&#xD;&#xA;   at System.Web.Mvc.Controller.BeginExecuteCore(AsyncCallback callback, Object state)&#xD;&#xA;   at System.Web.Mvc.Async.AsyncResultWrapper.WrappedAsyncResult`1.Begin(AsyncCallback callback, Object state, Int32 timeout)&#xD;&#xA;   at System.Web.Mvc.Controller.BeginExecute(RequestContext requestContext, AsyncCallback callback, Object state)&#xD;&#xA;   at System.Web.Mvc.Controller.System.Web.Mvc.Async.IAsyncController.BeginExecute(RequestContext requestContext, AsyncCallback callback, Object state)&#xD;&#xA;   at System.Web.Mvc.MvcHandler.&lt;&gt;c__DisplayClass8.&lt;BeginProcessRequest&gt;b__2(AsyncCallback asyncCallback, Object asyncState)&#xD;&#xA;   at System.Web.Mvc.Async.AsyncResultWrapper.WrappedAsyncResult`1.Begin(AsyncCallback callback, Object state, Int32 timeout)&#xD;&#xA;   at System.Web.Mvc.MvcHandler.BeginProcessRequest(HttpContextBase httpContext, AsyncCallback callback, Object state)&#xD;&#xA;   at System.Web.Mvc.MvcHandler.BeginProcessRequest(HttpContext httpContext, AsyncCallback callback, Object state)&#xD;&#xA;   at System.Web.Mvc.MvcHandler.System.Web.IHttpAsyncHandler.BeginProcessRequest(HttpContext context, AsyncCallback cb, Object extraData)&#xD;&#xA;   at System.Web.HttpApplication.CallHandlerExecutionStep.System.Web.HttpApplication.IExecutionStep.Execute()&#xD;&#xA;   at System.Web.HttpApplication.ExecuteStep(IExecutionStep step, Boolean&amp; completedSynchronously)" time="2013-03-24T13:47:50.4168566Z" statusCode="500">
  <serverVariables>
    <item name="ALL_HTTP">
      <value string="HTTP_CACHE_CONTROL:max-age=0&#xD;&#xA;HTTP_CONNECTION:keep-alive&#xD;&#xA;HTTP_CONTENT_LENGTH:49&#xD;&#xA;HTTP_CONTENT_TYPE:application/x-www-form-urlencoded&#xD;&#xA;HTTP_ACCEPT:text/html,application/xhtml+xml,application/xml;q=0.9,*/*;q=0.8&#xD;&#xA;HTTP_ACCEPT_CHARSET:ISO-8859-1,utf-8;q=0.7,*;q=0.3&#xD;&#xA;HTTP_ACCEPT_ENCODING:gzip,deflate,sdch&#xD;&#xA;HTTP_ACCEPT_LANGUAGE:en-US,en;q=0.8&#xD;&#xA;HTTP_HOST:localhost:52919&#xD;&#xA;HTTP_REFERER:http://localhost:52919/Account/Login&#xD;&#xA;HTTP_USER_AGENT:Mozilla/5.0 (iPad; U; CPU OS 3_2 like Mac OS X; en-us) AppleWebKit/531.21.10 (KHTML, like Gecko) Version/4.0.4 Mobile/7B334b Safari/531.21.10&#xD;&#xA;HTTP_ORIGIN:http://localhost:52919&#xD;&#xA;" />
    </item>
    <item name="ALL_RAW">
      <value string="Cache-Control: max-age=0&#xD;&#xA;Connection: keep-alive&#xD;&#xA;Content-Length: 49&#xD;&#xA;Content-Type: application/x-www-form-urlencoded&#xD;&#xA;Accept: text/html,application/xhtml+xml,application/xml;q=0.9,*/*;q=0.8&#xD;&#xA;Accept-Charset: ISO-8859-1,utf-8;q=0.7,*;q=0.3&#xD;&#xA;Accept-Encoding: gzip,deflate,sdch&#xD;&#xA;Accept-Language: en-US,en;q=0.8&#xD;&#xA;Host: localhost:52919&#xD;&#xA;Referer: http://localhost:52919/Account/Login&#xD;&#xA;User-Agent: Mozilla/5.0 (iPad; U; CPU OS 3_2 like Mac OS X; en-us) AppleWebKit/531.21.10 (KHTML, like Gecko) Version/4.0.4 Mobile/7B334b Safari/531.21.10&#xD;&#xA;Origin: http://localhost:52919&#xD;&#xA;" />
    </item>
    <item name="APPL_MD_PATH">
      <value string="/LM/W3SVC/7/ROOT" />
    </item>
    <item name="APPL_PHYSICAL_PATH">
      <value string="C:\Users\MaGiC\Documents\Visual Studio 2010\Projects\eUp_GIT\eUp\eUp\" />
    </item>
    <item name="AUTH_TYPE">
      <value string="" />
    </item>
    <item name="AUTH_USER">
      <value string="" />
    </item>
    <item name="AUTH_PASSWORD">
      <value string="*****" />
    </item>
    <item name="LOGON_USER">
      <value string="" />
    </item>
    <item name="REMOTE_USER">
      <value string="" />
    </item>
    <item name="CERT_COOKIE">
      <value string="" />
    </item>
    <item name="CERT_FLAGS">
      <value string="" />
    </item>
    <item name="CERT_ISSUER">
      <value string="" />
    </item>
    <item name="CERT_KEYSIZE">
      <value string="" />
    </item>
    <item name="CERT_SECRETKEYSIZE">
      <value string="" />
    </item>
    <item name="CERT_SERIALNUMBER">
      <value string="" />
    </item>
    <item name="CERT_SERVER_ISSUER">
      <value string="" />
    </item>
    <item name="CERT_SERVER_SUBJECT">
      <value string="" />
    </item>
    <item name="CERT_SUBJECT">
      <value string="" />
    </item>
    <item name="CONTENT_LENGTH">
      <value string="49" />
    </item>
    <item name="CONTENT_TYPE">
      <value string="application/x-www-form-urlencoded" />
    </item>
    <item name="GATEWAY_INTERFACE">
      <value string="CGI/1.1" />
    </item>
    <item name="HTTPS">
      <value string="off" />
    </item>
    <item name="HTTPS_KEYSIZE">
      <value string="" />
    </item>
    <item name="HTTPS_SECRETKEYSIZE">
      <value string="" />
    </item>
    <item name="HTTPS_SERVER_ISSUER">
      <value string="" />
    </item>
    <item name="HTTPS_SERVER_SUBJECT">
      <value string="" />
    </item>
    <item name="INSTANCE_ID">
      <value string="7" />
    </item>
    <item name="INSTANCE_META_PATH">
      <value string="/LM/W3SVC/7" />
    </item>
    <item name="LOCAL_ADDR">
      <value string="::1" />
    </item>
    <item name="PATH_INFO">
      <value string="/Account/Login" />
    </item>
    <item name="PATH_TRANSLATED">
      <value string="C:\Users\MaGiC\Documents\Visual Studio 2010\Projects\eUp_GIT\eUp\eUp\Account\Login" />
    </item>
    <item name="QUERY_STRING">
      <value string="" />
    </item>
    <item name="REMOTE_ADDR">
      <value string="::1" />
    </item>
    <item name="REMOTE_HOST">
      <value string="::1" />
    </item>
    <item name="REMOTE_PORT">
      <value string="54254" />
    </item>
    <item name="REQUEST_METHOD">
      <value string="POST" />
    </item>
    <item name="SCRIPT_NAME">
      <value string="/Account/Login" />
    </item>
    <item name="SERVER_NAME">
      <value string="localhost" />
    </item>
    <item name="SERVER_PORT">
      <value string="52919" />
    </item>
    <item name="SERVER_PORT_SECURE">
      <value string="0" />
    </item>
    <item name="SERVER_PROTOCOL">
      <value string="HTTP/1.1" />
    </item>
    <item name="SERVER_SOFTWARE">
      <value string="Microsoft-IIS/8.0" />
    </item>
    <item name="URL">
      <value string="/Account/Login" />
    </item>
    <item name="HTTP_CACHE_CONTROL">
      <value string="max-age=0" />
    </item>
    <item name="HTTP_CONNECTION">
      <value string="keep-alive" />
    </item>
    <item name="HTTP_CONTENT_LENGTH">
      <value string="49" />
    </item>
    <item name="HTTP_CONTENT_TYPE">
      <value string="application/x-www-form-urlencoded" />
    </item>
    <item name="HTTP_ACCEPT">
      <value string="text/html,application/xhtml+xml,application/xml;q=0.9,*/*;q=0.8" />
    </item>
    <item name="HTTP_ACCEPT_CHARSET">
      <value string="ISO-8859-1,utf-8;q=0.7,*;q=0.3" />
    </item>
    <item name="HTTP_ACCEPT_ENCODING">
      <value string="gzip,deflate,sdch" />
    </item>
    <item name="HTTP_ACCEPT_LANGUAGE">
      <value string="en-US,en;q=0.8" />
    </item>
    <item name="HTTP_HOST">
      <value string="localhost:52919" />
    </item>
    <item name="HTTP_REFERER">
      <value string="http://localhost:52919/Account/Login" />
    </item>
    <item name="HTTP_USER_AGENT">
      <value string="Mozilla/5.0 (iPad; U; CPU OS 3_2 like Mac OS X; en-us) AppleWebKit/531.21.10 (KHTML, like Gecko) Version/4.0.4 Mobile/7B334b Safari/531.21.10" />
    </item>
    <item name="HTTP_ORIGIN">
      <value string="http://localhost:52919" />
    </item>
  </serverVariables>
  <form>
    <item name="UserName">
      <value string="magic" />
    </item>
    <item name="Password">
      <value string="magic123" />
    </item>
    <item name="RememberMe">
      <value string="false" />
    </item>
  </form>
</error>